<?xml version="1.0" encoding="UTF-8"?>
<XbConnectedStorageSpace>
  <ContextDescription>
    <Account msa="saveCreator99@xboxtest.com" />
    <Title scid="SOME SCID" />
  </ContextDescription>
  <Data>
    <Containers>
      <Container name="TripleATitle" displayName="Some Triple A Title!!!">
        <Blobs>
          <Blob name="Data">
			<![CDATA[
			
			insert some actual save data here
			
			
			]]>
</Blob>
        </Blobs>
      </Container>
    </Containers>
  </Data>
</XbConnectedStorageSpace>